{
  "artifact_type": "omega_weights_by_horizon",
  "schema_version": "1.0.0",
  "phase_key": "phase14_omega_fusion",
  "model_key": "omega_fusion",
  "weights_by_horizon": {
    "1": {
      "epsilon_expert_ensemble": 0.2733523792891408,
      "alpha_structural": 0.25737342140078423,
      "delta_tft": 0.23814153150975834,
      "beta_temporal": 0.2311326678003166
    },
    "5": {
      "beta_temporal": 0.2822834301973649,
      "alpha_structural": 0.27229055555948534,
      "delta_tft": 0.23427509218065118,
      "epsilon_expert_ensemble": 0.21115092206249858
    },
    "10": {
      "alpha_structural": 0.2864139280379688,
      "beta_temporal": 0.2546248533817043,
      "delta_tft": 0.23829908758540364,
      "epsilon_expert_ensemble": 0.22066213099492335
    },
    "20": {
      "alpha_structural": 0.2642105365155133,
      "beta_temporal": 0.25740295675690744,
      "epsilon_expert_ensemble": 0.24107251304912963,
      "delta_tft": 0.2373139936784496
    },
    "30": {
      "alpha_structural": 0.2707511146941289,
      "beta_temporal": 0.24791095366855392,
      "epsilon_expert_ensemble": 0.2409133865639401,
      "delta_tft": 0.24042454507337715
    }
  },
  "weight_details_by_horizon": {
    "1": {
      "horizon": 1,
      "weight_basis": "inverse_validation_mape_by_horizon_fallback_validation_mae_then_test_metric",
      "weight_power": 1.0,
      "min_weight_floor_before_renormalization": 0.03,
      "weights": {
        "epsilon_expert_ensemble": 0.2733523792891408,
        "alpha_structural": 0.25737342140078423,
        "delta_tft": 0.23814153150975834,
        "beta_temporal": 0.2311326678003166
      },
      "ranked_models": [
        {
          "rank": 1,
          "model_key": "epsilon_expert_ensemble",
          "display_name": "Epsilon Ensemble",
          "family": "statistical_ml_benchmark_ensemble",
          "horizon": 1,
          "score_basis": "validation_mape_pct",
          "weight_basis_score": 1.9623782354787942,
          "omega_weight_before_floor": 0.2733523792891408,
          "omega_weight": 0.2733523792891408,
          "train_mape_pct": 2.0908317541642276,
          "validation_mape_pct": 1.9623782354787942,
          "test_mape_pct": 2.6968669409615678,
          "validation_mae": 33.48925680073467,
          "test_mae": 76.83296647652638,
          "validation_directional_accuracy_pct": 57.85714285714286,
          "test_directional_accuracy_pct": 54.80132450331126
        },
        {
          "rank": 2,
          "model_key": "alpha_structural",
          "display_name": "Alpha Structural",
          "family": "xgboost_structural_expert",
          "horizon": 1,
          "score_basis": "validation_mape_pct",
          "weight_basis_score": 2.0842119470371996,
          "omega_weight_before_floor": 0.25737342140078423,
          "omega_weight": 0.25737342140078423,
          "train_mape_pct": 2.147052368714861,
          "validation_mape_pct": 2.0842119470371996,
          "test_mape_pct": 2.9674286484387498,
          "validation_mae": 35.62340875110978,
          "test_mae": 86.21955628802309,
          "validation_directional_accuracy_pct": 61.1904761904762,
          "test_directional_accuracy_pct": 59.44170771756979
        },
        {
          "rank": 3,
          "model_key": "delta_tft",
          "display_name": "Delta TFT",
          "family": "temporal_fusion_quantile_expert",
          "horizon": 1,
          "score_basis": "validation_mape_pct",
          "weight_basis_score": 2.252529226349471,
          "omega_weight_before_floor": 0.23814153150975834,
          "omega_weight": 0.23814153150975834,
          "train_mape_pct": 2.487713978545288,
          "validation_mape_pct": 2.252529226349471,
          "test_mape_pct": 5.04059231918179,
          "validation_mae": 38.1234750802174,
          "test_mae": 164.72993449510386,
          "validation_directional_accuracy_pct": 53.80952380952381,
          "test_directional_accuracy_pct": 54.13907284768212
        },
        {
          "rank": 4,
          "model_key": "beta_temporal",
          "display_name": "Beta Temporal",
          "family": "sequence_temporal_expert",
          "horizon": 1,
          "score_basis": "validation_mape_pct",
          "weight_basis_score": 2.3208348903616964,
          "omega_weight_before_floor": 0.2311326678003166,
          "omega_weight": 0.2311326678003166,
          "train_mape_pct": 2.30106795018349,
          "validation_mape_pct": 2.3208348903616964,
          "test_mape_pct": 3.359087282217979,
          "validation_mae": 39.18805036873653,
          "test_mae": 96.38846090403152,
          "validation_directional_accuracy_pct": 58.69047619047619,
          "test_directional_accuracy_pct": 55.51724137931034
        }
      ]
    },
    "5": {
      "horizon": 5,
      "weight_basis": "inverse_validation_mape_by_horizon_fallback_validation_mae_then_test_metric",
      "weight_power": 1.0,
      "min_weight_floor_before_renormalization": 0.03,
      "weights": {
        "beta_temporal": 0.2822834301973649,
        "alpha_structural": 0.27229055555948534,
        "delta_tft": 0.23427509218065118,
        "epsilon_expert_ensemble": 0.21115092206249858
      },
      "ranked_models": [
        {
          "rank": 1,
          "model_key": "beta_temporal",
          "display_name": "Beta Temporal",
          "family": "sequence_temporal_expert",
          "horizon": 5,
          "score_basis": "validation_mape_pct",
          "weight_basis_score": 3.7504249776195215,
          "omega_weight_before_floor": 0.2822834301973649,
          "omega_weight": 0.2822834301973649,
          "train_mape_pct": 2.315368782360192,
          "validation_mape_pct": 3.7504249776195215,
          "test_mape_pct": 6.375634561515832,
          "validation_mae": 64.07678058960428,
          "test_mae": 193.6420438245869,
          "validation_directional_accuracy_pct": 67.33716475095785,
          "test_directional_accuracy_pct": 63.13193588162762
        },
        {
          "rank": 2,
          "model_key": "alpha_structural",
          "display_name": "Alpha Structural",
          "family": "xgboost_structural_expert",
          "horizon": 5,
          "score_basis": "validation_mape_pct",
          "weight_basis_score": 3.888062974512648,
          "omega_weight_before_floor": 0.27229055555948534,
          "omega_weight": 0.27229055555948534,
          "train_mape_pct": 4.3346575243746255,
          "validation_mape_pct": 3.888062974512648,
          "test_mape_pct": 6.109775993158336,
          "validation_mae": 66.16475398392056,
          "test_mae": 189.63592683378985,
          "validation_directional_accuracy_pct": 70.97701149425288,
          "test_directional_accuracy_pct": 66.6267942583732
        },
        {
          "rank": 3,
          "model_key": "delta_tft",
          "display_name": "Delta TFT",
          "family": "temporal_fusion_quantile_expert",
          "horizon": 5,
          "score_basis": "validation_mape_pct",
          "weight_basis_score": 4.5189730479924695,
          "omega_weight_before_floor": 0.23427509218065118,
          "omega_weight": 0.23427509218065118,
          "train_mape_pct": 3.955906517153772,
          "validation_mape_pct": 4.5189730479924695,
          "test_mape_pct": 7.937488815780639,
          "validation_mae": 76.42671766943427,
          "test_mae": 252.62237084034544,
          "validation_directional_accuracy_pct": 59.674329501915715,
          "test_directional_accuracy_pct": 59.04191616766467
        },
        {
          "rank": 4,
          "model_key": "epsilon_expert_ensemble",
          "display_name": "Epsilon Ensemble",
          "family": "statistical_ml_benchmark_ensemble",
          "horizon": 5,
          "score_basis": "validation_mape_pct",
          "weight_basis_score": 5.0138678867192175,
          "omega_weight_before_floor": 0.21115092206249858,
          "omega_weight": 0.21115092206249858,