{
  "artifact_type": "deep_ml_alpha_best_params_by_horizon",
  "schema_version": "1.0.0",
  "generated_at_utc": "2026-05-05T10:18:03Z",
  "mode": "refreshed_yahoo_gold_plus_fred_registry_mode",
  "study_id": "deepml_feature_refresh_20260505_093208",
  "run_id": "deepml_run_20260505_100053_alpha_structural_refreshed_yahoo_gold_plus_fred_registry_mode_20260505",
  "model_key": "alpha_structural",
  "model_version": "alpha_structural_v4_consistent_timed_xgboost_optuna_rolling_shap",
  "best_params_by_horizon": {
    "1": {
      "n_estimators": 1087,
      "max_depth": 8,
      "learning_rate": 0.030084863015303612,
      "subsample": 0.6564160394846041,
      "colsample_bytree": 0.9660273961081018,
      "min_child_weight": 4.746867205438153,
      "reg_alpha": 6.167666274033674e-06,
      "reg_lambda": 8.628708341061387,
      "gamma": 0.15427677940781123,
      "max_delta_step": 1.3744578089108839,
      "max_bin": 512
    },
    "5": {
      "n_estimators": 1112,
      "max_depth": 2,
      "learning_rate": 0.10136705721461998,
      "subsample": 0.6322729574034172,
      "colsample_bytree": 0.8208685165864541,
      "min_child_weight": 1.1874228310552963,
      "reg_alpha": 0.5602691312041455,
      "reg_lambda": 0.00028851581004491486,
      "gamma": 0.13922049905192224,
      "max_delta_step": 1.631511201527185,
      "max_bin": 256
    },
    "10": {
      "n_estimators": 441,
      "max_depth": 8,
      "learning_rate": 0.060071142562161534,
      "subsample": 0.6113722448844929,
      "colsample_bytree": 0.9077332224005927,
      "min_child_weight": 9.74262080922428,
      "reg_alpha": 0.015134236039094988,
      "reg_lambda": 0.001906643763824354,
      "gamma": 0.23877904791039903,
      "max_delta_step": 0.19036475569060596,
      "max_bin": 512
    },
    "20": {
      "n_estimators": 882,
      "max_depth": 8,
      "learning_rate": 0.054079696627388534,
      "subsample": 0.8973866791309593,
      "colsample_bytree": 0.672176319410515,
      "min_child_weight": 29.291025214518594,
      "reg_alpha": 3.5327373541172036e-07,
      "reg_lambda": 0.0015544509200072702,
      "gamma": 0.1681245747953333,
      "max_delta_step": 6.599247470441659,
      "max_bin": 256
    },
    "30": {
      "n_estimators": 597,
      "max_depth": 2,
      "learning_rate": 0.02669463846821442,
      "subsample": 0.907759902849646,
      "colsample_bytree": 0.9079160861383174,
      "min_child_weight": 22.50198179519618,
      "reg_alpha": 0.016455343687589497,
      "reg_lambda": 0.25136671085758355,
      "gamma": 0.552038560548934,
      "max_delta_step": 2.478149461721546,
      "max_bin": 128
    }
  }
}