{
  "artifact_type": "epsilon_component_weights",
  "schema_version": "1.0.0",
  "model_key": "epsilon_expert_ensemble",
  "method": "horizon_specific_inverse_validation_mape",
  "weights_by_horizon": {
    "1": {
      "naive_last_value": 0.0844628466324067,
      "drift_252": 0.08396263662386035,
      "rolling_mean_20_gap": 0.08446993013427115,
      "rolling_mean_60_gap": 0.08444375279111556,
      "rolling_median_60_gap": 0.08444444419987127,
      "momentum_20": 0.08171726987027332,
      "theta_like_252": 0.08421798880549172,
      "ets_like": 0.08381548141506,
      "arima_like": 0.07590382015928866,
      "ridge_lag_expert": 0.0488651963163474,
      "elasticnet_lag_expert": 0.055764966885138344,
      "random_forest_lag_expert": 0.028000247746468223,
      "extratrees_lag_expert": 0.06062528892098422,
      "gradient_boosting_lag_expert": 0.02551993660939293,
      "xgboost_lag_expert": 0.033786192890030126
    },
    "5": {
      "naive_last_value": 0.07857907598798955,
      "drift_252": 0.0776248613064588,
      "rolling_mean_20_gap": 0.08070513142367877,
      "rolling_mean_60_gap": 0.08056312485792992,
      "rolling_median_60_gap": 0.08057584782959948,
      "momentum_20": 0.07386038288747131,
      "theta_like_252": 0.07814549486558911,
      "ets_like": 0.07863205055636041,
      "arima_like": 0.0801885545800309,
      "ridge_lag_expert": 0.05401901399845495,
      "elasticnet_lag_expert": 0.06205369551944446,
      "random_forest_lag_expert": 0.028202078486606316,
      "extratrees_lag_expert": 0.05322676727706566,
      "gradient_boosting_lag_expert": 0.04660001671830785,
      "xgboost_lag_expert": 0.04702390370501245
    },
    "10": {
      "naive_last_value": 0.07822924805698521,
      "drift_252": 0.0762122377228907,
      "rolling_mean_20_gap": 0.08268828918220862,
      "rolling_mean_60_gap": 0.08244009591701634,
      "rolling_median_60_gap": 0.08237528731011376,
      "momentum_20": 0.06963255199732947,
      "theta_like_252": 0.07729009362160803,
      "ets_like": 0.07824744694669222,
      "arima_like": 0.08489844451461642,
      "ridge_lag_expert": 0.052665466749765126,
      "elasticnet_lag_expert": 0.05947590323281457,
      "random_forest_lag_expert": 0.02792849216693305,
      "extratrees_lag_expert": 0.048747425383440374,
      "gradient_boosting_lag_expert": 0.04979966109068523,
      "xgboost_lag_expert": 0.0493693561069008
    },
    "20": {
      "naive_last_value": 0.07185498617567912,
      "drift_252": 0.06766581350182178,
      "rolling_mean_20_gap": 0.07688827439560711,
      "rolling_mean_60_gap": 0.07592268317303714,
      "rolling_median_60_gap": 0.07479460775924687,
      "momentum_20": 0.05801172184317352,
      "theta_like_252": 0.07003209632259719,
      "ets_like": 0.07195851915881361,
      "arima_like": 0.0695310578871871,
      "ridge_lag_expert": 0.0512749437303858,
      "elasticnet_lag_expert": 0.04653735468995557,
      "random_forest_lag_expert": 0.07356971176559003,
      "extratrees_lag_expert": 0.06273010535840051,
      "gradient_boosting_lag_expert": 0.08025177665413466,
      "xgboost_lag_expert": 0.04897634758436993
    },
    "30": {
      "naive_last_value": 0.07737088874367912,
      "drift_252": 0.0714798937895853,
      "rolling_mean_20_gap": 0.08905426557229777,
      "rolling_mean_60_gap": 0.08746580736493596,
      "rolling_median_60_gap": 0.08636856334416243,
      "momentum_20": 0.05575924363082733,
      "theta_like_252": 0.07479280720997039,
      "ets_like": 0.07740385656156547,
      "arima_like": 0.08195596575304401,
      "ridge_lag_expert": 0.05819042462503627,
      "elasticnet_lag_expert": 0.05346045554187689,
      "random_forest_lag_expert": 0.04199843759591763,
      "extratrees_lag_expert": 0.03655730241844781,
      "gradient_boosting_lag_expert": 0.05984569408867675,
      "xgboost_lag_expert": 0.04829639375997695
    }
  },
  "generated_at_utc": "2026-05-05T18:14:26.231105Z"
}