{
    "metrics": {
        "mape": 0.010737,
        "rmse": 20.79,
        "accuracy_score": 98.93,
        "r2_score": 0.9986
    },
    "coefficients": {
        "real_yield": 0.0017,
        "nominal_yield": 0.0012,
        "tips_curve": 0.0018,
        "fed_bs": 0.0199,
        "m2_supply": 0.0753,
        "inflation": 0.0001,
        "usd_index": 0.0007,
        "eur_usd": 0.0002,
        "jpy_usd": 0.0239,
        "vix_index": 0.0001,
        "high_yield": 0.0008,
        "fin_stress": 0.0007,
        "gpr_index": 0.0003,
        "policy_unc": 0.0002,
        "oil_wti": 0.0001,
        "ppi_index": 0.0131,
        "gld_tonnes": 0.0248,
        "unrate": 0.0002,
        "ind_prod": 0.002,
        "cap_util": 0.0009,
        "real_yield_LAG_1": 0.0005,
        "real_yield_MA_5": 0.0087,
        "nominal_yield_LAG_1": 0.0004,
        "nominal_yield_MA_5": 0.0006,
        "tips_curve_LAG_1": 0.0001,
        "tips_curve_MA_5": 0.0003,
        "fed_bs_LAG_1": 0.0186,
        "fed_bs_MA_5": 0.043,
        "m2_supply_LAG_1": 0.0819,
        "m2_supply_MA_5": 0.1847,
        "inflation_LAG_1": 0.0002,
        "inflation_MA_5": 0.0002,
        "usd_index_LAG_1": 0.0002,
        "usd_index_MA_5": 0.0004,
        "eur_usd_LAG_1": 0.0002,
        "eur_usd_MA_5": 0.0006,
        "jpy_usd_LAG_1": 0.0012,
        "jpy_usd_MA_5": 0.3474,
        "vix_index_LAG_1": 0.0003,
        "vix_index_MA_5": 0.0001,
        "high_yield_LAG_1": 0.0002,
        "high_yield_MA_5": 0.0011,
        "fin_stress_LAG_1": 0.0001,
        "fin_stress_MA_5": 0.0001,
        "gpr_index_LAG_1": 0.0002,
        "gpr_index_MA_5": 0.0004,
        "policy_unc_LAG_1": 0.0016,
        "policy_unc_MA_5": 0.0039,
        "oil_wti_LAG_1": 0.0002,
        "oil_wti_MA_5": 0.0004,
        "ppi_index_LAG_1": 0.0596,
        "ppi_index_MA_5": 0.02,
        "gld_tonnes_LAG_1": 0.0361,
        "gld_tonnes_MA_5": 0.0044,
        "unrate_LAG_1": 0.0002,
        "unrate_MA_5": 0.0008,
        "ind_prod_LAG_1": 0.0025,
        "ind_prod_MA_5": 0.0015,
        "cap_util_LAG_1": 0.0006,
        "cap_util_MA_5": 0.0083
    },
    "formula": "Gold \u2248 0.3474*[jpy_usd_MA_5] + 0.1847*[m2_supply_MA_5] + \u03b5",
    "metadata": {
        "timestamp": "2026-01-21T08:56:57.930517",
        "lobe": "Structural Alpha"
    }
}