{
    "metrics": {
        "mape": 0.167593,
        "rmse": 29.47,
        "accuracy_score": 83.24,
        "r2_score": 0.9981
    },
    "coefficients": {
        "real_yield": 0.0007,
        "nominal_yield": 0.0007,
        "tips_curve": 0.0007,
        "fed_bs": 0.1054,
        "m2_supply": 0.2351,
        "inflation": 0.0001,
        "usd_index": 0.0039,
        "eur_usd": 0.0009,
        "jpy_usd": 0.0009,
        "vix_index": 0.0002,
        "high_yield": 0.0006,
        "fin_stress": 0.0019,
        "gpr_index": 0.0001,
        "policy_unc": 0.0113,
        "oil_wti": 0.0023,
        "ppi_index": 0.027,
        "gld_tonnes": 0.0122,
        "unrate": 0.0028,
        "ind_prod": 0.0042,
        "cap_util": 0.0013,
        "real_yield_LAG_1": 0.0007,
        "real_yield_MA_5": 0.0009,
        "nominal_yield_LAG_1": 0.0005,
        "nominal_yield_MA_5": 0.0006,
        "tips_curve_LAG_1": 0.0007,
        "tips_curve_MA_5": 0.0006,
        "fed_bs_LAG_1": 0.0772,
        "fed_bs_MA_5": 0.0475,
        "m2_supply_LAG_1": 0.2112,
        "m2_supply_MA_5": 0.0605,
        "inflation_LAG_1": 0.0001,
        "inflation_MA_5": 0.0001,
        "usd_index_LAG_1": 0.0013,
        "usd_index_MA_5": 0.002,
        "eur_usd_LAG_1": 0.0006,
        "eur_usd_MA_5": 0.0008,
        "jpy_usd_LAG_1": 0.0011,
        "jpy_usd_MA_5": 0.0011,
        "vix_index_LAG_1": 0.0003,
        "vix_index_MA_5": 0.0002,
        "high_yield_LAG_1": 0.0013,
        "high_yield_MA_5": 0.0003,
        "fin_stress_LAG_1": 0.0018,
        "fin_stress_MA_5": 0.0047,
        "gpr_index_LAG_1": 0.0002,
        "gpr_index_MA_5": 0.0002,
        "policy_unc_LAG_1": 0.0254,
        "policy_unc_MA_5": 0.0118,
        "oil_wti_LAG_1": 0.0026,
        "oil_wti_MA_5": 0.0013,
        "ppi_index_LAG_1": 0.0231,
        "ppi_index_MA_5": 0.0154,
        "gld_tonnes_LAG_1": 0.0107,
        "gld_tonnes_MA_5": 0.0656,
        "unrate_LAG_1": 0.0024,
        "unrate_MA_5": 0.0034,
        "ind_prod_LAG_1": 0.005,
        "ind_prod_MA_5": 0.0024,
        "cap_util_LAG_1": 0.0015,
        "cap_util_MA_5": 0.0006
    },
    "formula": "Gold \u2248 0.2351*[m2_supply] + 0.2112*[m2_supply_LAG_1] + \u03b5",
    "metadata": {
        "timestamp": "2026-01-21T13:20:49.350870",
        "lobe": "Structural Alpha (Immortal V13.0)"
    }
}