{
    "metrics": {
        "mape": 0.2295219563553091,
        "rmse": 754.0394131175049,
        "r2_score": 0.006074501810678146,
        "accuracy_score": 77.0478043644691
    },
    "coefficients": {
        "m2_supply_LAG_1": 0.13409546667481434,
        "m2_supply_MA_5": 0.13242811093202994,
        "m2_supply": 0.09898284062933273,
        "fed_bs_LAG_1": 0.08476670870992252,
        "fed_bs": 0.07758760638422953,
        "gld_tonnes_MA_5": 0.052763811067119235,
        "gld_tonnes": 0.04327051972365959,
        "fed_bs_MA_5": 0.0423180688696147,
        "ppi_index_LAG_1": 0.038150448568210114,
        "ppi_index": 0.030547272323740427,
        "ppi_index_MA_5": 0.030471239727283227,
        "real_yield_LAG_1": 0.027557564135457395,
        "ind_prod_MA_5": 0.02331352176887313,
        "real_yield": 0.021949269865872922,
        "gld_tonnes_LAG_1": 0.017410854074810227,
        "real_yield_MA_5": 0.016329437623049038,
        "ind_prod_LAG_1": 0.013178035530102505,
        "jpy_usd_LAG_1": 0.008595951367025971,
        "jpy_usd": 0.007211639406599202,
        "unrate_MA_5": 0.007174373657751658
    },
    "metadata": {
        "version": "V13.0 (Ragged/Immortal)",
        "timestamp": "2026-01-21T12:56:55.239337",
        "training_range": "1968-Present"
    }
}