{
  "model": "model_3_cortex",
  "start_date": "2026-01-22",
  "horizon_days": 30,
  "weights": {
    "alpha": 0.4,
    "beta": 0.6,
    "delta": 0.0,
    "tilt": 0.002181187215251277
  },
  "headline": {
    "alpha_avg": {
      "mae": 137.94018011404455,
      "rmse": 156.73342034989568,
      "smape": 0.03181594497261379,
      "da": 0.3830049261083744,
      "coverage": 0.8762452107279693
    },
    "beta_avg": {
      "mae": 96.7146121579297,
      "rmse": 115.59548949955733,
      "smape": 0.022526893263125552,
      "da": 0.3830049261083744,
      "coverage": 0.07854406130268199
    },
    "delta_avg": {
      "mae": 141.0275224422294,
      "rmse": 154.97163474502088,
      "smape": 0.032596498156364014,
      "da": 0.3600164203612479,
      "coverage": 0.8877394636015326
    },
    "ensemble_avg": {
      "mae": 112.00516825718307,
      "rmse": 133.77706318853643,
      "smape": 0.02587133647293179,
      "da": 0.3830049261083744,
      "coverage": 0.8421455938697319
    },
    "n_pairs_used": 3,
    "pairing": {
      "reference": "beta.start_date",
      "method": "nearest_start_date_with_tolerance",
      "tolerance_days": 25
    }
  },
  "has_eval": true
}