{
  "pairing": {
    "reference": "beta.start_date",
    "method": "nearest_start_date_with_tolerance",
    "tolerance_days": 25
  },
  "n_pairs_used": 2,
  "alpha_avg": {
    "mae": 113.79515218098962,
    "rmse": 133.69500542952483,
    "smape": 0.03224369677339693,
    "da": 0.3620689655172414,
    "coverage": 0.9333333333333333
  },
  "beta_avg": {
    "mae": 134.73089205382132,
    "rmse": 152.56148186704945,
    "smape": 0.03825458656703165,
    "da": 0.3620689655172414,
    "coverage": 0.06666666666666667
  },
  "delta_avg": {
    "mae": 116.95185058593754,
    "rmse": 133.69756278986677,
    "smape": 0.03313448551212607,
    "da": 0.20689655172413796,
    "coverage": 0.95
  },
  "epsilon_avg": {
    "mae": 110.97499580789535,
    "rmse": 126.24262639459127,
    "smape": 0.03139391896306674,
    "da": 0.3275862068965517,
    "coverage": 0.65
  },
  "ensemble_avg": {
    "mae": 114.05531382461653,
    "rmse": 128.63648448675988,
    "smape": 0.03229013657834969,
    "da": 0.3275862068965517,
    "coverage": 0.9
  }
}