{
  "pairing": {
    "reference": "beta.start_date",
    "method": "nearest_start_date_with_tolerance",
    "tolerance_days": 25
  },
  "n_pairs_used": 10,
  "alpha_avg": {
    "mae": 64.11622890849499,
    "rmse": 77.28461826399999,
    "smape": 0.021622735451305882,
    "da": 0.3149014778325124,
    "coverage": 0.9529885057471266
  },
  "beta_avg": {
    "mae": 77.93022244164982,
    "rmse": 90.95408397961782,
    "smape": 0.026917674652538037,
    "da": 0.2942118226600986,
    "coverage": 0.07390804597701148
  },
  "delta_avg": {
    "mae": 73.73584382857402,
    "rmse": 87.90493478919498,
    "smape": 0.024734339759167574,
    "da": 0.2461822660098522,
    "coverage": 0.9058620689655171
  },
  "ensemble_avg": {
    "mae": 67.07243515269411,
    "rmse": 78.66845909722777,
    "smape": 0.02262511881750017,
    "da": 0.3149014778325124,
    "coverage": 0.902528735632184
  }
}