{
  "delta_eval_summary_exists": true,
  "delta_tft_lobe_exists": true,
  "epsilon_eval_summary_exists": true,
  "epsilon_chronos_lobe_exists": true,
  "ensemble_walkforward_summary": "ensemble_walkforward_summary.json",
  "ensemble_walkforward_windows": "ensemble_walkforward_windows.parquet",
  "headline": {
    "pairing": {
      "reference": "beta.start_date",
      "method": "nearest_start_date_with_tolerance",
      "tolerance_days": 25
    },
    "n_pairs_used": 2,
    "alpha_avg": {
      "mae": 112.93692057291669,
      "rmse": 132.88672413779574,
      "smape": 0.031992559466103514,
      "da": 0.3620689655172414,
      "coverage": 0.9333333333333333
    },
    "beta_avg": {
      "mae": 134.73089205382135,
      "rmse": 152.56148186704945,
      "smape": 0.03825458656703166,
      "da": 0.3620689655172414,
      "coverage": 0.06666666666666667
    },
    "delta_avg": {
      "mae": 113.99729492187501,
      "rmse": 129.9170400679382,
      "smape": 0.0322726043106307,
      "da": 0.3620689655172414,
      "coverage": 0.9333333333333333
    },
    "epsilon_avg": {
      "mae": 110.97499582521529,
      "rmse": 126.24262642074439,
      "smape": 0.031393918968090406,
      "da": 0.3275862068965517,
      "coverage": 0.65
    },
    "ensemble_avg": {
      "mae": 113.50237905558545,
      "rmse": 127.90528140171244,
      "smape": 0.03212916574083776,
      "da": 0.3275862068965517,
      "coverage": 0.8833333333333333
    }
  }
}