{
  "forecast": {
    "start_date": "2026-01-22",
    "horizon_days": 30,
    "mean_path": [
      4774.07,
      4776.48,
      4778.71,
      4781.52,
      4783.69,
      4785.93,
      4788.08,
      4790.35,
      4792.65,
      4794.14,
      4796.11,
      4797.52,
      4799.78,
      4802.01,
      4804.11,
      4806.07,
      4807.61,
      4809.59,
      4811.94,
      4813.9,
      4816.13,
      4818.63,
      4820.72,
      4822.85,
      4824.88,
      4826.96,
      4829.09,
      4831.34,
      4834.15,
      4836.36
    ],
    "p10_path": [
      4772.49,
      4774.29,
      4775.78,
      4778.53,
      4779.78,
      4780.84,
      4783.56,
      4785.14,
      4787.05,
      4787.78,
      4790.12,
      4791.27,
      4793.26,
      4794.86,
      4796.5,
      4797.83,
      4799.4,
      4800.48,
      4803.66,
      4807.24,
      4808.46,
      4809.31,
      4810.85,
      4812.02,
      4814.68,
      4815.17,
      4817.1,
      4819.89,
      4824.79,
      4828.13
    ],
    "p90_path": [
      4775.88,
      4780.14,
      4782.32,
      4784.93,
      4787.98,
      4790.84,
      4792.67,
      4794.76,
      4798.09,
      4800.47,
      4801.39,
      4803.76,
      4805.84,
      4807.99,
      4812.05,
      4812.52,
      4814.99,
      4816.36,
      4819.59,
      4820.94,
      4823.73,
      4826.34,
      4829.73,
      4832.24,
      4833.92,
      4838.03,
      4840.16,
      4841.98,
      4844.8,
      4845.51
    ],
    "returns_mean": [
      0.0005679511502758832,
      0.0005046624969159193,
      0.00046554136365751565,
      0.0005893180017697973,
      0.0004530469796278656,
      0.00046827613474444287,
      0.0004489625068105558,
      0.00047381416396532165,
      0.00048063940778508336,
      0.00031112276486533485,
      0.0004106736030195943,
      0.0002930115487750817,
      0.0004706503537850331,
      0.00046518257886415276,
      0.00043630807566897624,
      0.0004088411111895879,
      0.00032086321305673,
      0.00040973402386470386,
      0.00048884565472809,
      0.00040775624635104254,
      0.0004627201170603295,
      0.0005194980031319755,
      0.00043362298794459434,
      0.0004420679536704387,
      0.0004196694298189602,
      0.00043186525810852536,
      0.00044003860283494604,
      0.000466176844132027,
      0.0005811768949533777,
      0.0004576893740680896
    ],
    "returns_p10": [
      4772.486082656771,
      4774.290935065099,
      4775.7776956989965,
      4778.534934231098,
      4779.7788910769905,
      4780.843736387618,
      4783.558593703244,
      4785.135177641501,
      4787.049413040889,
      4787.784612991978,
      4790.118335687594,
      4791.269972390043,
      4793.260025853394,
      4794.856349631462,
      4796.4978127297145,
      4797.828668072397,
      4799.3988507519825,
      4800.480956091945,
      4803.6631227612115,
      4807.24106065382,
      4808.455162249346,
      4809.310331746684,
      4810.849383526407,
      4812.019989451201,
      4814.684918939276,
      4815.17209905812,
      4817.096413361988,
      4819.886450356594,
      4824.790402065927,
      4828.134731959168
    ],
    "returns_p90": [
      4775.881156341302,
      4780.140310639137,
      4782.319386629264,
      4784.928875705281,
      4787.98389432123,
      4790.841697660059,
      4792.674102969014,
      4794.759026698812,
      4798.094655518071,
      4800.467312689099,
      4801.390210538137,
      4803.763680595938,
      4805.837124879765,
      4807.993614585727,
      4812.047407679083,
      4812.516600618471,
      4814.9902926502145,
      4816.355680250218,
      4819.591491394964,
      4820.944503486091,
      4823.731222109959,
      4826.341511513628,
      4829.727798367471,
      4832.238924750119,
      4833.9164837965545,
      4838.034646620722,
      4840.1610568587475,
      4841.978915025392,
      4844.803756857242,
      4845.512016753366
    ]
  },
  "wavelet_denoised_path": [
    4484.6772,
    4506.971,
    4531.6865,
    4558.3119,
    4586.0242,
    4606.7841,
    4619.2556,
    4624.7357,
    4620.3013,
    4631.7429,
    4660.3507,
    4690.6696,
    4728.9505,
    4753.2978,
    4760.7433
  ],
  "metadata": {
    "lobe": "beta_temporal_multivariate",
    "model_type": "BiLSTM+Attention+MC Dropout (mask-aware, multivariate, returns target)",
    "window_size": 60,
    "input_dim": 60,
    "factors_used": [
      "cap_util",
      "eur_usd",
      "fed_bs",
      "fin_stress",
      "gld_tonnes",
      "gpr_index",
      "high_yield",
      "ind_prod",
      "inflation",
      "jpy_usd",
      "m2_supply",
      "nominal_yield",
      "oil_wti",
      "policy_unc",
      "ppi_index",
      "real_yield",
      "tips_curve",
      "unrate",
      "usd_index",
      "vix_index"
    ],
    "channels": [
      "raw_masked",
      "availability",
      "observed"
    ],
    "seed": 42,
    "epochs_ran": 12,
    "mc_iterations": 30,
    "timestamp_utc": "2026-01-23T02:08:24.125578+00:00",
    "source_csv": "Gold_Matrix_M3_Daily_2026-01-21.csv",
    "gold_col_used": "gold_price",
    "features_source": "features_cleaned.parquet",
    "masks_source": {
      "availability_mask": "availability_mask.parquet",
      "observed_mask": "observed_mask.parquet"
    }
  }
}