{
  "forecast": {
    "start_date": "2026-01-22",
    "horizon_days": 30,
    "mean_path": [
      4774.07,
      4776.48,
      4778.7,
      4781.52,
      4783.69,
      4785.93,
      4788.08,
      4790.35,
      4792.65,
      4794.14,
      4796.11,
      4797.52,
      4799.78,
      4802.01,
      4804.1,
      4806.07,
      4807.61,
      4809.58,
      4811.93,
      4813.9,
      4816.12,
      4818.63,
      4820.72,
      4822.85,
      4824.87,
      4826.96,
      4829.08,
      4831.33,
      4834.14,
      4836.35
    ],
    "p10_path": [
      4772.49,
      4773.51,
      4774.56,
      4775.79,
      4776.29,
      4777.04,
      4777.42,
      4778.3,
      4779.18,
      4779.58,
      4780.09,
      4780.32,
      4780.71,
      4781.03,
      4781.41,
      4781.9,
      4782.47,
      4782.95,
      4783.43,
      4783.82,
      4784.31,
      4785.18,
      4785.73,
      4786.45,
      4787.08,
      4787.74,
      4788.28,
      4788.26,
      4788.92,
      4789.55
    ],
    "p90_path": [
      4775.88,
      4780.03,
      4784.06,
      4788.66,
      4793.72,
      4798.08,
      4802.17,
      4805.95,
      4810.3,
      4813.61,
      4817.72,
      4820.22,
      4824.27,
      4828.85,
      4832.99,
      4836.95,
      4839.92,
      4843.62,
      4848.32,
      4852.09,
      4856.98,
      4862.03,
      4865.61,
      4869.41,
      4873.43,
      4877.68,
      4882.05,
      4886.9,
      4891.81,
      4895.83
    ],
    "returns_mean": [
      0.0005679511502758832,
      0.0005046624969159193,
      0.00046554136365751565,
      0.0005893180017697973,
      0.0004530469796278656,
      0.00046827613474444287,
      0.0004489625068105558,
      0.00047381416396532165,
      0.00048063940778508336,
      0.00031112276486533485,
      0.0004106736030195943,
      0.0002930115487750817,
      0.0004706503537850331,
      0.00046518257886415276,
      0.00043630807566897624,
      0.0004088411111895879,
      0.00032086321305673,
      0.00040973402386470386,
      0.00048884565472809,
      0.00040775624635104254,
      0.0004627201170603295,
      0.0005194980031319755,
      0.00043362298794459434,
      0.0004420679536704387,
      0.0004196694298189602,
      0.00043186525810852536,
      0.00044003860283494604,
      0.000466176844132027,
      0.0005811768949533777,
      0.0004576893740680896
    ],
    "returns_p10": [
      0.00023598087923850796,
      0.00021474373395789534,
      0.0002200186244294596,
      0.0002581460988994615,
      0.00010306444597303614,
      0.00015857471660567912,
      7.978118563598003e-05,
      0.00018391220754076978,
      0.00018404620283331662,
      8.231163519907582e-05,
      0.00010775115854810081,
      4.76199966985736e-05,
      8.139547602474138e-05,
      6.74341634243649e-05,
      8.024616639537612e-05,
      0.00010204520503423836,
      0.00011891266853710106,
      0.00010033665081045874,
      9.999299697472337e-05,
      8.086071345516838e-05,
      0.00010237052908573369,
      0.00018192726792766475,
      0.00011576995679036483,
      0.00015024806092072467,
      0.00013223714384144876,
      0.00013757147494297697,
      0.00011172630991446858,
      -3.938369066920134e-06,
      0.0001392324021927479,
      0.0001299520561270395
    ],
    "returns_p90": [
      0.0009471124042813282,
      0.0008692524313947342,
      0.0008421663755156946,
      0.0009611461728432293,
      0.001055244997490804,
      0.0009099699187641076,
      0.0008514176105667282,
      0.0007867249642802634,
      0.0009055333705089003,
      0.0006869194752684683,
      0.0008532233354957414,
      0.0005204920751726694,
      0.0008384956204277726,
      0.0009495655827179716,
      0.0008577122751148589,
      0.0008177102755561618,
      0.000614381782877328,
      0.0007646503611149897,
      0.0009693115839719008,
      0.0007774773342560475,
      0.0010064923242396554,
      0.0010387693817854708,
      0.0007377233749286368,
      0.0007796584558742974,
      0.000825580950355007,
      0.0008719350029345143,
      0.00089595446729269,
      0.0009924335659026568,
      0.0010039320443490224,
      0.0008209111458634655
    ]
  },
  "wavelet_denoised_path": [
    4484.6772,
    4506.971,
    4531.6865,
    4558.3119,
    4586.0242,
    4606.7841,
    4619.2556,
    4624.7357,
    4620.3013,
    4631.7429,
    4660.3507,
    4690.6696,
    4728.9505,
    4753.2978,
    4760.7433
  ],
  "metadata": {
    "lobe": "beta_temporal_multivariate",
    "model_type": "BiLSTM+Attention+MC Dropout (mask-aware, multivariate, returns target)",
    "window_size": 60,
    "input_dim": 60,
    "factors_used": [
      "cap_util",
      "eur_usd",
      "fed_bs",
      "fin_stress",
      "gld_tonnes",
      "gpr_index",
      "high_yield",
      "ind_prod",
      "inflation",
      "jpy_usd",
      "m2_supply",
      "nominal_yield",
      "oil_wti",
      "policy_unc",
      "ppi_index",
      "real_yield",
      "tips_curve",
      "unrate",
      "usd_index",
      "vix_index"
    ],
    "channels": [
      "raw_masked",
      "availability",
      "observed"
    ],
    "seed": 42,
    "epochs_ran": 12,
    "mc_iterations": 30,
    "timestamp_utc": "2026-01-23T00:48:53.527334+00:00",
    "source_csv": "Gold_Matrix_M3_Daily_2026-01-21.csv",
    "gold_col_used": "gold_price",
    "features_source": "features_cleaned.parquet",
    "masks_source": {
      "availability_mask": "availability_mask.parquet",
      "observed_mask": "observed_mask.parquet"
    }
  }
}