{
  "mad_thresh": 6.0,
  "limits": {
    "real_yield": {
      "median": 0.0,
      "mad": 0.010000000000000231,
      "lo": -0.08895478131949798,
      "hi": 0.08895478131949798
    },
    "nominal_yield": {
      "median": 0.0,
      "mad": 0.002751033371889866,
      "lo": -0.024471757199909856,
      "hi": 0.024471757199909856
    },
    "tips_curve": {
      "median": 0.0,
      "mad": 0.010000000000000009,
      "lo": -0.088954781319496,
      "hi": 0.088954781319496
    },
    "inflation": {
      "median": 0.0,
      "mad": 0.004338401598598329,
      "lo": -0.03859215654794659,
      "hi": 0.03859215654794659
    },
    "usd_index": {
      "median": 0.0,
      "mad": 0.0009035866093038969,
      "lo": -0.008037834923385294,
      "hi": 0.008037834923385294
    },
    "eur_usd": {
      "median": 0.0,
      "mad": 0.0015524718714408792,
      "lo": -0.013809979582869199,
      "hi": 0.013809979582869199
    },
    "jpy_usd": {
      "median": 0.0,
      "mad": 0.0012891346168366624,
      "lo": -0.011467468793209748,
      "hi": 0.011467468793209748
    },
    "vix_index": {
      "median": 0.0,
      "mad": 0.018189318767892537,
      "lo": -0.16180268733484837,
      "hi": 0.16180268733484837
    },
    "high_yield": {
      "median": 0.0,
      "mad": 0.004819286435949088,
      "lo": -0.04286985710258641,
      "hi": 0.04286985710258641
    },
    "oil_wti": {
      "median": 0.0,
      "mad": 0.006333973343827459,
      "lo": -0.05634372136836879,
      "hi": 0.05634372136836879
    },
    "nominal_yield__days_since_start": {
      "median": 10601.0,
      "mad": 5301.0,
      "lo": -36553.92957746479,
      "hi": 57755.92957746479
    },
    "tips_curve__days_since_start": {
      "median": 10.0,
      "mad": 10.0,
      "lo": -78.95478131949594,
      "hi": 98.95478131949594
    },
    "m2_supply__days_since_start": {
      "median": 10601.0,
      "mad": 5301.0,
      "lo": -36553.92957746479,
      "hi": 57755.92957746479
    },
    "jpy_usd__days_since_start": {
      "median": 9505.0,
      "mad": 5301.0,
      "lo": -37649.92957746479,
      "hi": 56659.92957746479
    },
    "vix_index__days_since_start": {
      "median": 2567.0,
      "mad": 2567.0,
      "lo": -20267.692364714603,
      "hi": 25401.692364714603
    },
    "high_yield__days_since_start": {
      "median": 12.0,
      "mad": 12.0,
      "lo": -94.74573758339511,
      "hi": 118.74573758339511
    },
    "fin_stress__days_since_start": {
      "median": 1108.0,
      "mad": 1108.0,
      "lo": -8748.189770200148,
      "hi": 10964.189770200148
    },
    "gpr_index__days_since_start": {
      "median": 4394.0,
      "mad": 4394.0,
      "lo": -34692.73091178651,
      "hi": 43480.73091178651
    },
    "policy_unc__days_since_start": {
      "median": 10601.0,
      "mad": 5301.0,
      "lo": -36553.92957746479,
      "hi": 57755.92957746479
    },
    "oil_wti__days_since_start": {
      "median": 4028.0,
      "mad": 4028.0,
      "lo": -31802.985915492958,
      "hi": 39858.98591549296
    },
    "ppi_index__days_since_start": {
      "median": 10601.0,
      "mad": 5301.0,
      "lo": -36553.92957746479,
      "hi": 57755.92957746479
    },
    "unrate__days_since_start": {
      "median": 10601.0,
      "mad": 5301.0,
      "lo": -36553.92957746479,
      "hi": 57755.92957746479
    },
    "ind_prod__days_since_start": {
      "median": 10601.0,
      "mad": 5301.0,
      "lo": -36553.92957746479,
      "hi": 57755.92957746479
    },
    "cap_util__days_since_start": {
      "median": 10601.0,
      "mad": 5301.0,
      "lo": -36553.92957746479,
      "hi": 57755.92957746479
    }
  }
}