{
  "artifact_type": "delta_tft_evaluation_by_horizon",
  "schema_version": "1.0.0",
  "model_key": "delta_tft",
  "delta_version": "v2_calibrated",
  "point_forecast": "p50",
  "metrics_note": "Point metrics use p50 forecast prices reconstructed from unscaled raw gold price anchors. Calibration preserves p50.",
  "train": {
    "1": {
      "count": 3372,
      "mae": 28.10635249397662,
      "rmse": 56.02288839716651,
      "mape_pct": 2.487713978545288,
      "smape_pct": 2.4562742481198305,
      "bias_mean_error": 0.1539548391864113,
      "directional_accuracy_pct": 70.36713286713287
    },
    "5": {
      "count": 3372,
      "mae": 45.80369967174474,
      "rmse": 70.62632145552281,
      "mape_pct": 3.955906517153772,
      "smape_pct": 3.9630015734981505,
      "bias_mean_error": -9.012535667787594,
      "directional_accuracy_pct": 85.27818808468734
    },
    "10": {
      "count": 3372,
      "mae": 54.772811889486604,
      "rmse": 77.0237085437283,
      "mape_pct": 4.718963838577593,
      "smape_pct": 4.739418074200004,
      "bias_mean_error": -11.143910634758836,
      "directional_accuracy_pct": 81.39111434814275
    },
    "20": {
      "count": 3372,
      "mae": 52.71316966137295,
      "rmse": 81.36910377251358,
      "mape_pct": 4.437684555677329,
      "smape_pct": 4.534758473466337,
      "bias_mean_error": -22.23135128022582,
      "directional_accuracy_pct": 63.112563112563116
    },
    "30": {
      "count": 3372,
      "mae": 58.78587934284178,
      "rmse": 85.07675459902914,
      "mape_pct": 4.993689027234166,
      "smape_pct": 5.057381109958504,
      "bias_mean_error": -14.271818647201384,
      "directional_accuracy_pct": 75.97864768683274
    }
  },
  "validation": {
    "1": {
      "count": 1044,
      "mae": 38.1234750802174,
      "rmse": 65.5656029461181,
      "mape_pct": 2.252529226349471,
      "smape_pct": 2.228145787562222,
      "bias_mean_error": 10.820779906788934,
      "directional_accuracy_pct": 53.80952380952381
    },
    "5": {
      "count": 1044,
      "mae": 76.42671766943427,
      "rmse": 109.43624270367285,
      "mape_pct": 4.5189730479924695,
      "smape_pct": 4.49983209000515,
      "bias_mean_error": 1.3751671535616228,
      "directional_accuracy_pct": 59.674329501915715
    },
    "10": {
      "count": 1044,
      "mae": 81.56166818440352,
      "rmse": 110.37696434159051,
      "mape_pct": 4.787077093681114,
      "smape_pct": 4.79335074965211,
      "bias_mean_error": -5.826475598856799,
      "directional_accuracy_pct": 66.0594439117929
    },
    "20": {
      "count": 1044,
      "mae": 73.1823528881687,
      "rmse": 100.91448070257225,
      "mape_pct": 4.239773621440839,
      "smape_pct": 4.272412062285028,
      "bias_mean_error": -10.27470107587381,
      "directional_accuracy_pct": 61.49425287356321
    },
    "30": {
      "count": 1044,
      "mae": 88.61713667849502,
      "rmse": 116.39119751108875,
      "mape_pct": 5.146826397575999,
      "smape_pct": 5.196403317235343,
      "bias_mean_error": -15.845543389086728,
      "directional_accuracy_pct": 69.92337164750958
    }
  },
  "test": {
    "1": {
      "count": 841,
      "mae": 164.72993449510386,
      "rmse": 277.39602676926285,
      "mape_pct": 5.04059231918179,
      "smape_pct": 5.051889204476862,
      "bias_mean_error": -27.159328752233186,
      "directional_accuracy_pct": 54.13907284768212
    },
    "5": {
      "count": 841,
      "mae": 252.62237084034544,
      "rmse": 400.9669203194671,
      "mape_pct": 7.937488815780639,
      "smape_pct": 8.050965665776294,
      "bias_mean_error": -79.91080537282485,
      "directional_accuracy_pct": 59.04191616766467
    },
    "10": {
      "count": 841,
      "mae": 285.84143905119134,
      "rmse": 436.5886095734515,
      "mape_pct": 8.906090368173215,
      "smape_pct": 9.211642314535734,
      "bias_mean_error": -131.52196039520416,
      "directional_accuracy_pct": 55.76694411414982
    },
    "20": {
      "count": 841,
      "mae": 250.45966303230406,
      "rmse": 390.06257583684936,
      "mape_pct": 7.60190311537874,
      "smape_pct": 8.003612812299735,
      "bias_mean_error": -159.07358920367824,
      "directional_accuracy_pct": 45.65992865636147
    },
    "30": {
      "count": 841,
      "mae": 309.8035830725001,
      "rmse": 466.76181816996404,
      "mape_pct": 9.401287257519586,
      "smape_pct": 9.908443989395174,
      "bias_mean_error": -187.2832295288186,
      "directional_accuracy_pct": 53.03210463733651
    }
  },
  "naive_baseline_test": {
    "1": {
      "count": 841,
      "mae": 76.46653909036861,
      "rmse": 181.30243344604654,
      "mape_pct": 2.6868154209782737,
      "smape_pct": 2.6201878389798154,
      "bias_mean_error": -2.9836385139528834,
      "directional_accuracy_pct": 0.0
    },
    "5": {
      "count": 841,
      "mae": 212.84974929864,
      "rmse": 349.84514498482383,
      "mape_pct": 7.1792406439883685,
      "smape_pct": 7.159727719440954,
      "bias_mean_error": -15.090939334683412,
      "directional_accuracy_pct": 0.0
    },
    "10": {
      "count": 841,
      "mae": 243.27263961592413,
      "rmse": 379.46336788146573,
      "mape_pct": 8.147543309980913,
      "smape_pct": 8.174809907852758,
      "bias_mean_error": -31.085885681805514,
      "directional_accuracy_pct": 0.0
    },
    "20": {
      "count": 841,
      "mae": 202.02899960983947,
      "rmse": 317.557832809475,
      "mape_pct": 6.486116931556498,
      "smape_pct": 6.677740595631515,
      "bias_mean_error": -64.7934953505871,
      "directional_accuracy_pct": 0.0
    },
    "30": {
      "count": 841,
      "mae": 276.9936469732368,
      "rmse": 417.8873176421281,
      "mape_pct": 8.808974393432175,
      "smape_pct": 9.075281480188343,
      "bias_mean_error": -96.69706256154318,
      "directional_accuracy_pct": 0.0
    }
  },
  "generated_at_utc": "2026-05-05T21:49:36.632302Z"
}