{
  "artifact_type": "delta_tft_horizon_attention_summary",
  "schema_version": "1.0.0",
  "model_key": "delta_tft",
  "by_horizon": [
    {
      "horizon_trading_days": 1,
      "top_lag_positions_from_sequence_start": [
        0,
        1,
        2,
        3,
        11,
        12,
        19,
        10,
        13,
        14
      ],
      "top_lags_ago_approx": [
        19,
        18,
        17,
        16,
        8,
        7,
        0,
        9,
        6,
        5
      ],
      "top_attention_weights": [
        0.07825404033064842,
        0.07304714433848858,
        0.061206456273794174,
        0.05112015176564455,
        0.050463901832699776,
        0.04947520513087511,
        0.04937892686575651,
        0.0492065055295825,
        0.04888129699975252,
        0.04801707714796066
      ],
      "mean_attention_weight": 0.05000000223517418
    },
    {
      "horizon_trading_days": 5,
      "top_lag_positions_from_sequence_start": [
        0,
        19,
        18,
        17,
        16,
        11,
        12,
        14,
        13,
        10
      ],
      "top_lags_ago_approx": [
        19,
        0,
        1,
        2,
        3,
        8,
        7,
        5,
        6,
        9
      ],
      "top_attention_weights": [
        0.20187894999980927,
        0.07785145193338394,
        0.06728697195649147,
        0.05978604964911938,
        0.05210163164883852,
        0.04991915635764599,
        0.04799247719347477,
        0.04711244814097881,
        0.04674462601542473,
        0.04657037928700447
      ],
      "mean_attention_weight": 0.04999999878928065
    },
    {
      "horizon_trading_days": 10,
      "top_lag_positions_from_sequence_start": [
        0,
        19,
        18,
        17,
        16,
        15,
        14,
        13,
        12,
        11
      ],
      "top_lags_ago_approx": [
        19,
        0,
        1,
        2,
        3,
        4,
        5,
        6,
        7,
        8
      ],
      "top_attention_weights": [
        0.18605716153979301,
        0.09123614989221096,
        0.08312157727777958,
        0.07395919226109982,
        0.06905111484229565,
        0.06717911176383495,
        0.058382787741720676,
        0.052514342591166496,
        0.047746265307068825,
        0.04056853707879782
      ],
      "mean_attention_weight": 0.049999999115243554
    },
    {
      "horizon_trading_days": 20,
      "top_lag_positions_from_sequence_start": [
        0,
        19,
        18,
        17,
        16,
        15,
        14,
        13,
        12,
        11
      ],
      "top_lags_ago_approx": [
        19,
        0,
        1,
        2,
        3,
        4,
        5,
        6,
        7,
        8
      ],
      "top_attention_weights": [
        0.24375493079423904,
        0.12916314229369164,
        0.1060490719974041,
        0.08465024642646313,
        0.07167482562363148,
        0.06645643152296543,
        0.05565003119409084,
        0.048251524567604065,
        0.04251362010836601,
        0.034519441425800323
      ],
      "mean_attention_weight": 0.05000000059953891
    },
    {
      "horizon_trading_days": 30,
      "top_lag_positions_from_sequence_start": [
        0,
        19,
        18,
        17,
        16,
        15,
        14,
        13,
        12,
        11
      ],
      "top_lags_ago_approx": [
        19,
        0,
        1,
        2,
        3,
        4,
        5,
        6,
        7,
        8
      ],
      "top_attention_weights": [
        0.1970299445092678,
        0.103996641933918,
        0.09232342429459095,
        0.07898041419684887,
        0.0709304679185152,
        0.06599406711757183,
        0.05430480185896158,
        0.04771547298878431,
        0.043412722647190094,
        0.0370571743696928
      ],
      "mean_attention_weight": 0.04999999962747097
    }
  ],
  "generated_at_utc": "2026-05-05T17:56:26.093776Z"
}