{
  "artifact_type": "delta_tft_temporal_attention_summary",
  "schema_version": "1.0.0",
  "model_key": "delta_tft",
  "method": "horizon_query_attention_over_encoded_sequence",
  "professor_safe_note": "Temporal attention explains which sequence positions the model emphasized; it is not causal evidence.",
  "sequence_length": 20,
  "by_horizon": [
    {
      "horizon_trading_days": 1,
      "top_lag_positions_from_sequence_start": [
        0,
        1,
        19,
        2,
        18,
        3,
        4,
        17,
        16,
        12
      ],
      "top_lags_ago_approx": [
        19,
        18,
        0,
        17,
        1,
        16,
        15,
        2,
        3,
        7
      ],
      "top_attention_weights": [
        0.3211209997534752,
        0.09126552566885948,
        0.05024760402739048,
        0.04849766753613949,
        0.03974710125476122,
        0.03732914570719004,
        0.03319482319056988,
        0.032834410667419434,
        0.031677018385380507,
        0.0314296162687242
      ],
      "mean_attention_weight": 0.05000000107102096
    },
    {
      "horizon_trading_days": 5,
      "top_lag_positions_from_sequence_start": [
        2,
        1,
        3,
        4,
        5,
        6,
        7,
        0,
        8,
        9
      ],
      "top_lags_ago_approx": [
        17,
        18,
        16,
        15,
        14,
        13,
        12,
        19,
        11,
        10
      ],
      "top_attention_weights": [
        0.14160726219415665,
        0.1382693164050579,
        0.09120965003967285,
        0.060002108104527,
        0.052253433503210545,
        0.04892907664179802,
        0.04354017227888107,
        0.03934146836400032,
        0.038523999974131584,
        0.03495878539979458
      ],
      "mean_attention_weight": 0.050000000791624186
    },
    {
      "horizon_trading_days": 10,
      "top_lag_positions_from_sequence_start": [
        6,
        7,
        8,
        5,
        9,
        4,
        3,
        11,
        10,
        13
      ],
      "top_lags_ago_approx": [
        13,
        12,
        11,
        14,
        10,
        15,
        16,
        8,
        9,
        6
      ],
      "top_attention_weights": [
        0.09121811017394066,
        0.08959695883095264,
        0.08381275832653046,
        0.0719071663916111,
        0.0679042898118496,
        0.06015843152999878,
        0.05462817847728729,
        0.05144393723458052,
        0.05018956772983074,
        0.048938401974737644
      ],
      "mean_attention_weight": 0.04999999992833182
    },
    {
      "horizon_trading_days": 20,
      "top_lag_positions_from_sequence_start": [
        17,
        16,
        15,
        18,
        14,
        13,
        19,
        12,
        11,
        10
      ],
      "top_lags_ago_approx": [
        2,
        3,
        4,
        1,
        5,
        6,
        0,
        7,
        8,
        9
      ],
      "top_attention_weights": [
        0.09003021754324436,
        0.0876107644289732,
        0.08172022551298141,
        0.08160190470516682,
        0.07566487975418568,
        0.0689884964376688,
        0.06439516600221395,
        0.06259133759886026,
        0.05910139251500368,
        0.058347536250948906
      ],
      "mean_attention_weight": 0.0500000000858563
    },
    {
      "horizon_trading_days": 30,
      "top_lag_positions_from_sequence_start": [
        6,
        3,
        7,
        5,
        4,
        2,
        8,
        9,
        11,
        13
      ],
      "top_lags_ago_approx": [
        13,
        16,
        12,
        14,
        15,
        17,
        11,
        10,
        8,
        6
      ],
      "top_attention_weights": [
        0.08331907913088799,
        0.07820845395326614,
        0.07692541554570198,
        0.07384000532329082,
        0.07007233053445816,
        0.06975242495536804,
        0.06783437728881836,
        0.05545904394239187,
        0.0455891415476799,
        0.04374217055737972
      ],
      "mean_attention_weight": 0.05000000126019586
    }
  ],
  "generated_at_utc": "2026-05-05T21:49:38.042990Z"
}