{
  "artifact_type": "delta_tft_uncertainty_latest",
  "schema_version": "1.0.0",
  "model_key": "delta_tft",
  "delta_version": "v2_calibrated",
  "method": "native_quantile_forecasting_plus_validation_residual_interval_calibration",
  "quantiles": [
    0.1,
    0.5,
    0.9
  ],
  "coverage_target_pct": 80.0,
  "coverage_by_horizon": {
    "1": {
      "count": 841,
      "coverage_p10_p90_pct": 37.93103448275862,
      "mean_interval_width_price": 130.28149272726725,
      "median_interval_width_price": 74.24175908708912,
      "mean_interval_width_pct_of_anchor": 4.028399045820357,
      "calibration_error_vs_80pct_abs": 42.06896551724138,
      "pinball_loss_mean": 0.019777281554088148,
      "pinball_loss_by_quantile": {
        "p10": 0.019583882511084415,
        "p50": 0.02530010068039805,
        "p90": 0.01444786147078199
      }
    },
    "5": {
      "count": 841,
      "coverage_p10_p90_pct": 41.26040428061831,
      "mean_interval_width_price": 250.72360637179497,
      "median_interval_width_price": 161.1456410835708,
      "mean_interval_width_pct_of_anchor": 8.082452728903077,
      "calibration_error_vs_80pct_abs": 38.73959571938169,
      "pinball_loss_mean": 0.03134050079786693,
      "pinball_loss_by_quantile": {
        "p10": 0.026851712429284098,
        "p50": 0.04039251921197888,
        "p90": 0.026777270752337823
      }
    },
    "10": {
      "count": 841,
      "coverage_p10_p90_pct": 36.504161712247324,
      "mean_interval_width_price": 255.58220156818984,
      "median_interval_width_price": 170.18950035151374,
      "mean_interval_width_pct_of_anchor": 8.284697200292642,
      "calibration_error_vs_80pct_abs": 43.495838287752676,
      "pinball_loss_mean": 0.035749476292367,
      "pinball_loss_by_quantile": {
        "p10": 0.02411592628969081,
        "p50": 0.046225262335601675,
        "p90": 0.036907240251808505
      }
    },
    "20": {
      "count": 841,
      "coverage_p10_p90_pct": 30.79667063020214,
      "mean_interval_width_price": 219.9452524075876,
      "median_interval_width_price": 148.3085198276533,
      "mean_interval_width_pct_of_anchor": 7.12225332689532,
      "calibration_error_vs_80pct_abs": 49.203329369797856,
      "pinball_loss_mean": 0.03120167433079953,
      "pinball_loss_by_quantile": {
        "p10": 0.016988087228256097,
        "p50": 0.0401393617374924,
        "p90": 0.0364775740266501
      }
    },
    "30": {
      "count": 841,
      "coverage_p10_p90_pct": 33.88822829964328,
      "mean_interval_width_price": 274.27300430637564,
      "median_interval_width_price": 182.67949849225147,
      "mean_interval_width_pct_of_anchor": 8.884464284115225,
      "calibration_error_vs_80pct_abs": 46.11177170035672,
      "pinball_loss_mean": 0.038507982598847426,
      "pinball_loss_by_quantile": {
        "p10": 0.022558710098960023,
        "p50": 0.04975193144946733,
        "p90": 0.04321330624811494
      }
    }
  },
  "native_coverage_by_horizon": {
    "1": {
      "count": 841,
      "coverage_p10_p90_pct": 34.126040428061835,
      "mean_interval_width_price": 113.8278641315531,
      "median_interval_width_price": 64.86555142520228,
      "mean_interval_width_pct_of_anchor": 3.5196408151021044,
      "calibration_error_vs_80pct_abs": 45.873959571938165,
      "pinball_loss_mean": 0.02030148187594324,
      "pinball_loss_by_quantile": {
        "p10": 0.019993871450424194,
        "p50": 0.025300102308392525,
        "p90": 0.015610471367835999
      }
    },
    "5": {
      "count": 841,
      "coverage_p10_p90_pct": 23.067776456599287,
      "mean_interval_width_price": 117.51907318173151,
      "median_interval_width_price": 75.53212344646454,
      "mean_interval_width_pct_of_anchor": 3.7884041613829407,
      "calibration_error_vs_80pct_abs": 56.93222354340071,
      "pinball_loss_mean": 0.03503529520400571,
      "pinball_loss_by_quantile": {
        "p10": 0.029069358482956886,
        "p50": 0.040392518043518066,
        "p90": 0.035644009709358215
      }
    },
    "10": {
      "count": 841,
      "coverage_p10_p90_pct": 18.668252080856124,
      "mean_interval_width_price": 120.03379311392841,
      "median_interval_width_price": 79.9292405731394,
      "mean_interval_width_pct_of_anchor": 3.890895467876112,
      "calibration_error_vs_80pct_abs": 61.33174791914388,
      "pinball_loss_mean": 0.04030077985279092,
      "pinball_loss_by_quantile": {
        "p10": 0.02685105986893177,
        "p50": 0.046225257217884064,
        "p90": 0.04782601445913315
      }
    },
    "20": {
      "count": 841,
      "coverage_p10_p90_pct": 18.549346016646847,
      "mean_interval_width_price": 120.32718861991545,
      "median_interval_width_price": 81.13631480516051,
      "mean_interval_width_pct_of_anchor": 3.896427452209872,
      "calibration_error_vs_80pct_abs": 61.45065398335315,
      "pinball_loss_mean": 0.03448089970473546,
      "pinball_loss_by_quantile": {
        "p10": 0.018329303711652756,
        "p50": 0.04013936221599579,
        "p90": 0.044974036514759064
      }
    },
    "30": {
      "count": 841,
      "coverage_p10_p90_pct": 13.793103448275861,
      "mean_interval_width_price": 118.86242991656908,
      "median_interval_width_price": 79.1683058332419,
      "mean_interval_width_pct_of_anchor": 3.850284193982409,
      "calibration_error_vs_80pct_abs": 66.20689655172414,
      "pinball_loss_mean": 0.04357609683678324,
      "pinball_loss_by_quantile": {
        "p10": 0.024638516828417778,
        "p50": 0.04975193366408348,
        "p90": 0.05633784458041191
      }
    }
  },
  "calibrated_coverage_by_horizon": {
    "1": {
      "count": 841,
      "coverage_p10_p90_pct": 37.93103448275862,
      "mean_interval_width_price": 130.28149272726725,
      "median_interval_width_price": 74.24175908708912,
      "mean_interval_width_pct_of_anchor": 4.028399045820357,
      "calibration_error_vs_80pct_abs": 42.06896551724138,
      "pinball_loss_mean": 0.019777281554088148,
      "pinball_loss_by_quantile": {
        "p10": 0.019583882511084415,
        "p50": 0.02530010068039805,
        "p90": 0.01444786147078199
      }
    },
    "5": {
      "count": 841,
      "coverage_p10_p90_pct": 41.26040428061831,
      "mean_interval_width_price": 250.72360637179497,
      "median_interval_width_price": 161.1456410835708,
      "mean_interval_width_pct_of_anchor": 8.082452728903077,
      "calibration_error_vs_80pct_abs": 38.73959571938169,
      "pinball_loss_mean": 0.03134050079786693,
      "pinball_loss_by_quantile": {
        "p10": 0.026851712429284098,
        "p50": 0.04039251921197888,
        "p90": 0.026777270752337823
      }
    },
    "10": {
      "count": 841,
      "coverage_p10_p90_pct": 36.504161712247324,
      "mean_interval_width_price": 255.58220156818984,
      "median_interval_width_price": 170.18950035151374,
      "mean_interval_width_pct_of_anchor": 8.284697200292642,
      "calibration_error_vs_80pct_abs": 43.495838287752676,
      "pinball_loss_mean": 0.035749476292367,
      "pinball_loss_by_quantile": {
        "p10": 0.02411592628969081,
        "p50": 0.046225262335601675,
        "p90": 0.036907240251808505
      }
    },
    "20": {
      "count": 841,
      "coverage_p10_p90_pct": 30.79667063020214,
      "mean_interval_width_price": 219.9452524075876,
      "median_interval_width_price": 148.3085198276533,
      "mean_interval_width_pct_of_anchor": 7.12225332689532,
      "calibration_error_vs_80pct_abs": 49.203329369797856,
      "pinball_loss_mean": 0.03120167433079953,
      "pinball_loss_by_quantile": {
        "p10": 0.016988087228256097,
        "p50": 0.0401393617374924,
        "p90": 0.0364775740266501
      }
    },
    "30": {
      "count": 841,
      "coverage_p10_p90_pct": 33.88822829964328,
      "mean_interval_width_price": 274.27300430637564,
      "median_interval_width_price": 182.67949849225147,
      "mean_interval_width_pct_of_anchor": 8.884464284115225,