{
  "sequence_length": 20,
  "hidden_size": 128,
  "attention_heads": 2,
  "dropout": 0.35866006974821746,
  "learning_rate": 0.0018085126845320196,
  "weight_decay": 1.4566369505688751e-06,
  "batch_size": 64,
  "grn_depth": 3,
  "best_validation_quantile_loss": 0.013257150099996258
}