{
  "artifact_type": "delta_tft_pinball_loss_summary",
  "schema_version": "1.0.0",
  "model_key": "delta_tft",
  "native_test_pinball_by_horizon": {
    "1": {
      "count": 841,
      "coverage_p10_p90_pct": 84.78002378121285,
      "mean_interval_width_price": 291.9257816426579,
      "median_interval_width_price": 249.2687113583088,
      "mean_interval_width_pct_of_anchor": 10.331724982766277,
      "calibration_error_vs_80pct_abs": 4.780023781212847,
      "pinball_loss_mean": 0.012223675104967493,
      "pinball_loss_by_quantile": {
        "p10": 0.01140314806252718,
        "p50": 0.015493350103497505,
        "p90": 0.00977452751249075
      }
    },
    "5": {
      "count": 841,
      "coverage_p10_p90_pct": 70.63020214030915,
      "mean_interval_width_price": 393.9563485425706,
      "median_interval_width_price": 357.50217270851135,
      "mean_interval_width_pct_of_anchor": 14.012944436101654,
      "calibration_error_vs_80pct_abs": 9.369797859690848,
      "pinball_loss_mean": 0.024942426113112325,
      "pinball_loss_by_quantile": {
        "p10": 0.01754939556121826,
        "p50": 0.0358683243393898,
        "p90": 0.02140956185758114
      }
    },
    "10": {
      "count": 841,
      "coverage_p10_p90_pct": 65.16052318668251,
      "mean_interval_width_price": 402.1335055092855,
      "median_interval_width_price": 378.87549880635925,
      "mean_interval_width_pct_of_anchor": 14.253427483380621,
      "calibration_error_vs_80pct_abs": 14.83947681331749,
      "pinball_loss_mean": 0.027014262922168342,
      "pinball_loss_by_quantile": {
        "p10": 0.020344926044344902,
        "p50": 0.03759479522705078,
        "p90": 0.02310306765139103
      }
    },
    "20": {
      "count": 841,
      "coverage_p10_p90_pct": 63.614744351961946,
      "mean_interval_width_price": 359.097188271702,
      "median_interval_width_price": 323.76034929226444,
      "mean_interval_width_pct_of_anchor": 12.767767693568354,
      "calibration_error_vs_80pct_abs": 16.385255648038054,
      "pinball_loss_mean": 0.023525855196762337,
      "pinball_loss_by_quantile": {
        "p10": 0.014583252370357513,
        "p50": 0.03391426056623459,
        "p90": 0.022080054506659508
      }
    },
    "30": {
      "count": 841,
      "coverage_p10_p90_pct": 58.620689655172406,
      "mean_interval_width_price": 408.16882922476356,
      "median_interval_width_price": 377.2679561495315,
      "mean_interval_width_pct_of_anchor": 14.450422684162607,
      "calibration_error_vs_80pct_abs": 21.379310344827594,
      "pinball_loss_mean": 0.031245448816256165,
      "pinball_loss_by_quantile": {
        "p10": 0.018461326137185097,
        "p50": 0.04444311559200287,
        "p90": 0.030831901356577873
      }
    }
  },
  "calibrated_test_pinball_by_horizon": {
    "1": {
      "count": 841,
      "coverage_p10_p90_pct": 84.78002378121285,
      "mean_interval_width_price": 291.9257816426579,
      "median_interval_width_price": 249.2687113583088,
      "mean_interval_width_pct_of_anchor": 10.331724982766277,
      "calibration_error_vs_80pct_abs": 4.780023781212847,
      "pinball_loss_mean": 0.012223675531594444,
      "pinball_loss_by_quantile": {
        "p10": 0.011403147564951768,
        "p50": 0.015493351599758329,
        "p90": 0.009774527430073237
      }
    },
    "5": {
      "count": 841,
      "coverage_p10_p90_pct": 77.76456599286563,
      "mean_interval_width_price": 521.9865533193694,
      "median_interval_width_price": 473.6852893135615,
      "mean_interval_width_pct_of_anchor": 18.56695188468611,
      "calibration_error_vs_80pct_abs": 2.235434007134373,
      "pinball_loss_mean": 0.024358014288338448,
      "pinball_loss_by_quantile": {
        "p10": 0.01735467919698329,
        "p50": 0.035868321591257815,
        "p90": 0.019851042076774243
      }
    },
    "10": {
      "count": 841,
      "coverage_p10_p90_pct": 70.27348394768134,
      "mean_interval_width_price": 465.98569497407425,
      "median_interval_width_price": 439.0346991761762,
      "mean_interval_width_pct_of_anchor": 16.51663743659958,
      "calibration_error_vs_80pct_abs": 9.726516052318658,
      "pinball_loss_mean": 0.02648270276912055,
      "pinball_loss_by_quantile": {
        "p10": 0.0197222081715231,
        "p50": 0.03759479253349139,
        "p90": 0.022131107602347162
      }
    },
    "20": {
      "count": 841,
      "coverage_p10_p90_pct": 73.48394768133176,
      "mean_interval_width_price": 451.77667262147446,
      "median_interval_width_price": 407.3197399121823,
      "mean_interval_width_pct_of_anchor": 16.063004094144887,
      "calibration_error_vs_80pct_abs": 6.516052318668244,
      "pinball_loss_mean": 0.02281812672437618,
      "pinball_loss_by_quantile": {
        "p10": 0.014412691627881809,
        "p50": 0.033914258411685015,
        "p90": 0.020127430133561712
      }
    },
    "30": {
      "count": 841,
      "coverage_p10_p90_pct": 71.46254458977408,
      "mean_interval_width_price": 583.9921889437602,
      "median_interval_width_price": 539.780413777703,
      "mean_interval_width_pct_of_anchor": 20.675106402698084,
      "calibration_error_vs_80pct_abs": 8.537455410225917,
      "pinball_loss_mean": 0.02955227739245521,
      "pinball_loss_by_quantile": {
        "p10": 0.018461210167832462,
        "p50": 0.04444311789949299,
        "p90": 0.02575250411004017
      }
    }
  },
  "generated_at_utc": "2026-05-05T17:56:26.005375Z"
}