{
  "artifact_type": "delta_tft_rolling_origin_metrics",
  "schema_version": "1.0.0",
  "model_key": "delta_tft",
  "delta_version": "v2_calibrated",
  "method_note": "Each test origin is evaluated with only the historical sequence available at that origin. The trained model is not re-optimized at every origin in Phase 8.",
  "metrics_by_horizon": {
    "1": {
      "count": 841,
      "mae": 164.72993449510386,
      "rmse": 277.39602676926285,
      "mape_pct": 5.04059231918179,
      "smape_pct": 5.051889204476862,
      "bias_mean_error": -27.159328752233186,
      "directional_accuracy_pct": 54.13907284768212
    },
    "5": {
      "count": 841,
      "mae": 252.62237084034544,
      "rmse": 400.9669203194671,
      "mape_pct": 7.937488815780639,
      "smape_pct": 8.050965665776294,
      "bias_mean_error": -79.91080537282485,
      "directional_accuracy_pct": 59.04191616766467
    },
    "10": {
      "count": 841,
      "mae": 285.84143905119134,
      "rmse": 436.5886095734515,
      "mape_pct": 8.906090368173215,
      "smape_pct": 9.211642314535734,
      "bias_mean_error": -131.52196039520416,
      "directional_accuracy_pct": 55.76694411414982
    },
    "20": {
      "count": 841,
      "mae": 250.45966303230406,
      "rmse": 390.06257583684936,
      "mape_pct": 7.60190311537874,
      "smape_pct": 8.003612812299735,
      "bias_mean_error": -159.07358920367824,
      "directional_accuracy_pct": 45.65992865636147
    },
    "30": {
      "count": 841,
      "mae": 309.8035830725001,
      "rmse": 466.76181816996404,
      "mape_pct": 9.401287257519586,
      "smape_pct": 9.908443989395174,
      "bias_mean_error": -187.2832295288186,
      "directional_accuracy_pct": 53.03210463733651
    }
  },
  "origin_count": 841,
  "generated_at_utc": "2026-05-05T21:49:37.949776Z"
}